"ID","KODE_SATUAN","URAIAN_SATUAN"
"7288","ZZ","MUTUALLY DEFINED"
"7287","ZP","PAGE"
"7286","Z8","NEWSPAGE AGATE LINE"
"7285","Z6","CONFERENCE POINT"
"7284","Z5","LUG"
"7283","Z4","HOGSHEAD"
"7282","Z3","CASK"
"7281","Z2","CHEST"
"7280","Z1","LIFT VAN"
"7279","YT","TEN YARD"
"5645","YRD","YARD (0.9144 M)"
"7278","YL","HUNDRED LINEAR YARD"
"5492","YDQ","CUBIC YARD"
"5625","YDK","SQUARE YARD"
"7277","X1","GUNTERS CHAIN"
"7276","WW","MILLILITRE OF WATER"
"5641","WTT","WATT"
"5626","WSD","STANDARD"
"7275","WR","WRAP"
"7274","WM","WORKING MONTH"
"7273","WI","WEIGHT PER SQUARE INCH"
"5642","WHR","WATT-HOUR"
"7272","WH","WHEEL"
"7271","WG","WINE GALLON"
"5644","WEE","WEEK"
"5643","WEB","WEBER"
"7270","WE","WET TON"
"5482","WCD","CORD (3,63 M3)"
"7269","WB","WET POUND"
"7268","WA","WATT PER KILOGRAM"
"7267","W4","TWO WEEK"
"7266","W2","WET KILO"
"7265","VS","VISIT"
"7264","VQ","BULK"
"7263","VP","PERCENT VOLUME"
"5640","VLT","VOLT"
"7262","VI","VIAL"
"7261","VA","VOLT - AMPERE PER KILOGRAM"
"7260","UM","MILLION UNIT"
"7259","UH","TEN THOUSAND YARD"
"7258","UF","USAGE PER TELECOMMUNICATION LINE AVERAGE"
"7257","UE","TENTH HOUR"
"7256","UD","TENTH MINUTE"
"7255","UC","TELECOMMUNICATION PORT"
"7254","UB","TELECOMMUNICATION LINE IN SERVICE AVERAGE"
"7253","UA","TORR"
"7252","U2","TABLET"
"7251","U1","TREATMENT"
"7250","TY","TANK, CYLINDRICAL"
"7249","TW","THOUSAND SHEET"
"7248","TV","THOUSAND KILOGRAM"
"7247","TU","TUBE"
"7246","TT","THOUSAND LINEAR METRE"
"5636","TSH","TON OF STEAM PER HOUR"
"5637","TSD","TONNE OF SUBTANCE 90 PER CENT DRY"
"7245","TS","THOUSAND SQUARE FOOT"
"5638","TRL","TRILLION EUR"
"7244","TR","TEN SQUARE FOOT"
"5635","TQD","THOUSAND CUBIC METRES PER DAY"
"7243","TQ","THOUSAND FOOT"
"5632","TPR","TEN PAIRS"
"7242","TP","TEN PACK"
"5574","TNE","METRIC TON (1000 KG)"
"7241","TN","TIN"
"7240","TMS","KILOGRAM OF IMPORTED MEAT, LESS OFFAL"
"7239","TL","THOUSAND FOOT (LINEAR)"
"7238","TK","TANK, RECTANGULAR"
"7237","TJ","THOUSAND SQUARE CENTIMETRE"
"7236","TIP","METRIC TON, INCLUDING INNER PACKAGING"
"7235","TIC","METRIC TON, INCLUDING CONTAINER"
"7234","TI","THOUSAND SQUARE INCH"
"7233","TF","TEN SQUARE YARD"
"7232","TE","TOTE"
"7231","TD","THERM"
"7230","TC","TRUCKLOAD"
"5634","TAH","THOUSAND AMPERE-HOUR"
"7229","TA","TENTH CUBIC FOOT"
"7228","T8","THOUSAND LINEAR INCH"
"7227","T7","THOUSAND IMPRESSION"
"7226","T6","THOUSAND GALLON (US)"
"7225","T5","THOUSAND CASING"
"7224","T4","THOUSAND BAG"
"7223","T3","THOUSAND PIECE"
"7222","T1","THOUSAND POUND GROSS"
"7221","T0","TELECOMMUNICATION LINE IN SERVICE"
"7220","SX","SHIPMENT"
"7219","SW","SKEIN"
"7218","SV","SKID"
"5615","STN","SHORT TON GB, US 2/ (0,90718474 T)"
"7217","STL","STANDARD LITRE"
"7216","STK","STICK, CIGARETTE"
"5629","STI","STONE GB (6,350293 KG)"
"7215","ST","SHEET"
"5614","SST","SHORT STANDARD  (7200 MATCHES )"
"7214","SS","SHEET METRIC MEASURE"
"7213","SR","STRIP"
"7212","SQR","SQUARE, ROOFING"
"7211","SQ","SQUARE"
"7210","SP","SHELF PACKAGE"
"7209","SO","SPOOL"
"7208","SN","SQUARE ROD"
"5628","SMI","STATUTE MILE (1609.344 M)"
"7207","SL","SLIPSHEET"
"7206","SK","SPLIT TANK TRUCK"
"5616","SIE","SIEMENS"
"5613","SHT","SHIPPING TON"
"7205","SG","SEGMENT"
"5612","SET","SET"
"5611","SEC","SECOND"
"7204","SE","SECTION"
"7203","SD","SOLID POUND"
"5610","SCR","SCRUPLE GP,US (1,295982 G)"
"5609","SCO","SCORE"
"5524","SAN","HALF YEAR (SIX MONTHS)"
"7202","SA","SACK"
"7201","S8","STANDARD ADVERTISING UNIT"
"7200","S7","STORAGE UNIT"
"7199","S6","SESSION"
"7198","S5","SIXTY FOURTHS OF AN INCH"
"7197","S4","SQUARE METRE PER SECOND"
"7196","S3","SQUARE FOOT PER SECOND"
"7195","RU","RUN"
"7194","RT","REVENUE TON MILE"
"7193","RS","RESET"
"5608","RPS","REVOLUTION PER SECOND"
"5607","RPM","REVOLUTION PER MINUTE"
"7192","RP","POUND PER REAM"
"7191","RO","ROLL"
"7190","RN","REAM METRIC MEASURE"
"7189","RM","REAM"
"7188","RL","REEL"
"7187","RK","ROLL METRIC MEASURE"
"7186","RH","RUNNING OR OPERATING HOUR"
"7185","RG","RING"
"7184","RD","ROD"
"7183","RA","RACK"
"7182","R9","THOUSAND CUBIC METRE"
"7181","R4","CALORIE"
"7180","R1","PICA"
"5606","QTR","QUARTER GB (12,700586 KG)"
"5560","QTL","LIQUID QUART (0,946353 DM3)"
"5604","QTI","QUART (1,136523 DM3)"
"5510","QTD","DRY QUART (1,101221 DM3)"
"7179","QT","QUART (US)"
"7178","QR","QUIRE"
"7177","QK","QUARTER KILOGRAM"
"7176","QH","QUARTER HOUR"
"7175","QD","QUARTER DOZEN"
"7174","QB","PAGE - HARDCOPY"
"5605","QAN","QUARTER (OF A YEAR)"
"7173","QA","PAGE - FACSIMILE"
"7172","Q3","MEAL"
"7171","PZ","PECK DRY (UK)"
"7170","PY","PECK DRY (US)"
"7169","PW","POUND PER INCH OF WIDTH"
"7168","PV","HALF PINT (US)"
"7167","PU","TRAY / TRAY PACK"
"5559","PTL","LIQUID PINT (0,473176 DM3)"
"5601","PTI","PINT (0,568262 DM3)"
"5509","PTD","DRY PINT (0.55061 DM3)"
"7166","PT","PINT (US)"
"7165","PS","POUND-FORCE PER SQUARE INCH"
"7164","PR","PAIR"
"7163","PQ","PAGE PER INCH"
"7162","PO","POUND PER INCH OF LENGTH"
"7161","PN","POUND NET"
"7160","PM","POUND PERCENTAGE"
"7159","PLA","DEGREE PLATO"
"7158","PL","PAIL"
"7157","PK","PACK"
"7156","PI","PITCH"
"5603","PGL","PROOF GALLON"
"7155","PG","PLATE"
"7154","PFL","PROOF LITRE"
"7153","PF","PALLET (LIFT)"
"7152","PE","POUND EQUIVALENT"
"7151","PD","PAD"
"5600","PCE","PIECE"
"7150","PB","PAIR INCH"
"5598","PAL","PASCAL"
"7149","PA","PACKET"
"7148","P9","NINE PACK"
"7147","P8","EIGHT PACK"
"7146","P7","SEVEN PACK"
"7145","P6","SIX PACK"
"7144","P5","FIVE PACK"
"7143","P4","FOUR PACK"
"7142","P3","THREE PACK"
"7141","P2","POUND PER FOOT"
"7140","P1","PERCENT"
"7139","P0","PAGE - ELECTRONIC"
"5511","OZI","FLUID OUNCE (29,5735 CM3)"
"5512","OZA","FLUID OUNCE (29,5735 CM3)"
"7138","OZ","OUNCE AV"
"7137","OT","OVERTIME HOUR"
"7136","OP","TWO PACK"
"5596","ONZ","OUNCE GB,US (28,349523 G)"
"7135","ON","OUNCE PER SQUARE YARD"
"5595","OHM","OHM"
"7134","ODE","OZONE DEPLETION EQUIVALENT"
"7133","OA","PANEL"
"7132","NY","POUND PER AIR DRY METRIC TON"
"7131","NX","PART PER THOUSAND"
"7130","NV","VEHICLE"
"7129","NU","NEWTON METRE"
"5584","NTT","NET (REGIRTER) TON"
"7128","NT","NET TON"
"5594","NRL","NUMBER OF ROLLS"
"7127","NR","MICROMHO"
"7126","NQ","MHO"
"5593","NPT","NUMBER OF PARTS"
"5591","NPR","NUMBER OF PAIRS"
"5592","NPL","NUMBER OF PARCELS"
"7125","NN","TRAIN"
"5590","NMP","NUMBER OF PACKS"
"5583","NMI","NAUTICAL MILE (1852 M)"
"5586","NMB","NUMBER"
"7124","NL","LOAD"
"7123","NJ","NUMBER OF SCREENS"
"5589","NIU","NUMBER OF INTERNATIONAL UNITS"
"7122","NIL","NIL"
"7121","NI","NET IMPERIAL GALLON"
"7120","NH","MESSAGE HOUR"
"7119","NG","NET GALLON (US)"
"7118","NF","MESSAGE"
"5585","NEW","NEWTON"
"7117","NE","NET LITRE"
"7116","ND","NET BARREL"
"7115","NCL","NUMBER OF CELLS"
"7114","NC","CAR"
"5587","NBB","NUMBER BOBBINS"
"7113","NB","BARGE"
"5588","NAR","NUMBER OF ARTICLES"
"7112","NA","MILLIGRAM PER KILOGRAM"
"7111","N3","PRINT POINT"
"7110","N2","NUMBER OF LINES"
"7109","N1","PEN CALORIE"
"5570","MWH","MEGAWATT-HOUR (1000 KW/H)"
"5568","MVA","MEGAVOLT -  AMPERE (1000 KVA)"
"7108","MV","NUMBER OF MULTS"
"5786","MTS","METRE PER SECOND"
"5571","MTR","METRE"
"5489","MTQ","CUBIC METRE"
"5622","MTK","SQUARE METRE"
"7107","MT","MAT"
"5572","MSK","METRE PER SECOND SQUARED"
"5785","MQS","CUBIC METRE PER SECOND"
"5490","MQH","CUBIC METRE PER HOUR"
"7106","MQ","THOUSAND METRE"
"5784","MPA","MEGAPASCAL"
"5582","MON","MONTH"
"7105","MND","KILOGRAM, DRY WEIGHT"
"5577","MMT","MILLIMETRE"
"5491","MMQ","CUBIC MILLIMETRE"
"5624","MMK","SQUARE MILLIMETRE"
"5576","MLT","MILLILITRE"
"5473","MLD","BILLION US"
"7104","MK","MILLIGRAM PER SQUARE INCH"
"5580","MIU","MILLION INTERNATIONAL UNITS"
"5578","MIO","MILLION"
"5581","MIN","MINUTE"
"7103","MIL","THOUSAND"
"5623","MIK","SQUARE MILE"
"5633","MID","THOUSAND"
"5783","MHZ","MEGAHERTZ"
"5575","MGM","MILLIGRAM"
"7102","MF","MILLIGRAM PER SQUARE FOOT PER SIDE"
"7101","MD","AIR DRY METRIC TON"
"5782","MCU","MILLICURIE"
"7100","MC","MICROGRAM"
"5781","MBR","MILLIBAR"
"7099","MBF","THOUSAND BOARD FOOT"
"7098","MBE","THOUSAND STANDARD BRICK EQUIVALENT"
"5569","MAW","MEGAWATT"
"7097","MAR","MEGAVOLT AMPERE REACTIVE"
"5567","MAM","MEGAMETRE"
"5566","MAL","MEGALITRE"
"7096","MAH","MEGAVOLT AMPERE REACTIVE HOUR"
"7095","MA","MACHINE PER UNIT"
"7094","M9","MILLION BTU PER 1000 CUBIC FOOT"
"7093","M7","MICRO-INCH"
"7092","M5","MICROCURIE"
"7091","M4","MONETARY VALUE"
"7090","M37","ACTUAL/360"
"7089","M36","30-DAY MONTH"
"7088","M35","MILLIVOLT - AMPERE"
"7087","M34","NEWTON METRE PER SQUARE METRE"
"7086","M33","MILLIMOLE PER LITRE"
"7085","M32","PASCAL SECOND PER LITRE"
"7084","M31","KILOGRAM PER KILOMETRE"
"7083","M30","RECIPROCAL VOLT - AMPERE SECOND"
"7082","M29","KILOGRAM PER KILOGRAM"
"7081","M27","MEGAHERTZ METRE"
"5764","M26","GIGAOHM PER METRE"
"5763","M25","PERCENT PER DEGREE CELSIUS"
"5762","M24","OHM KILOMETRE"
"5761","M23","NEWTON PER CENTIMETRE"
"5760","M22","MILLILITRE PER SQUARE CENTIMETRE MINUTE"
"5759","M21","RECIPROCAL KILOVOLT - AMPERE HOUR"
"5758","M20","RECPROCAL MEGAKELVIN/MEGAKELVIN 2 THE POWERMINUS 1"
"5757","M19","BEAUFORT"
"5756","M18","GIGAHERTZ METRE"
"5755","M17","KILOHERTZ METRE"
"5754","M16","CUBIC YARD PER SECOND"
"5753","M15","CUBIC YARD PER MINUTE"
"5752","M14","CUBIC YARD PER PSI"
"5751","M13","CUBIC YARD PER HOUR"
"5750","M12","CUBIC YARD PER DAY"
"5749","M11","CUBIC YARD PER DEGREE FAHRENHEIT"
"5748","M10","RECIPROCAL CUBIC YARD"
"5747","M1","MILLIGRAM PER LITRE"
"5746","M0","MAGNETIC TAPE"
"5745","LY","LINEAR YARD"
"5744","LX","LINEAR YARD PER POUND"
"5780","LUX","LUX"
"5565","LUM","LUMEN"
"5743","LUB","METRIC TON, LUBRICATING OIL"
"5561","LTR","LITRE ( 1 DM3 )"
"5779","LTN","TON (UK) OR LONG TON (US)"
"5742","LS","LUMP SUM"
"5741","LR","LAYER"
"5562","LPA","LITRE OF PURE ALCOHOL"
"5740","LP","LIQUID POUND"
"5739","LO","LOT  [UNIT OF PROCUREMENT]"
"5563","LNT","LONG TON GB, US 2/ (1,0160469 T)"
"5738","LN","LENGTH"
"5737","LM","LINEAR METRE"
"5736","LK","LINK"
"5735","LJ","LARGE SPRAY"
"5734","LI","LINEAR INCH"
"5733","LH","LABOUR HOUR"
"5732","LF","LINEAR FOOT"
"5731","LEF","LEAF"
"5730","LE","LITE"
"5729","LD","LITRE PER DAY"
"5728","LC","LINEAR CENTIMETRE"
"5639","LBT","TROY POUND, US 9373,242 G)"
"5602","LBR","POUND GB,US (0,45359237 KG)"
"5727","LAC","LACTOSE EXCESS PERCENTAGE"
"5726","LA","POUND PER CUBIC INCH"
"5725","L99","YARD PER PSI"
"5724","L98","YARD PER DEGREE FAHRENHEIT"
"5723","L96","SIDEREAL YEAR"
"5722","L95","COMMON YEAR"
"5721","L94","TON-FORCE (US SHORT)"
"5720","L93","TON (US SHORT) PER CUBIC YARD"
"5719","L92","TON (UK LONG) PER CUBIC YARD"
"5718","L91","TON SHORT PER PSI"
"5717","L90","TON SHORT PER HOUR PSI"
"5716","L89","TON SHORT PER HOUR DEGREE FAHRENHEIT"
"5715","L88","TON SHORT PER DAY"
"5714","L87","TON SHORT PER DEGREE FAHRENHEIT"
"5713","L86","TON (US SHIPPING)"
"5712","L85","TON LONG PER DAY"
"5711","L84","TON (UK SHIPPING)"
"5710","L83","TONNE PER SECOND BAR"
"5709","L82","TONNE PER SECOND KELVIN"
"5708","L81","TONNE PER SECOND"
"5707","L80","TONNE PER MINUTE BAR"
"5706","L79","TONNE PER MINUTE KELVIN"
"5705","L78","TONNE PER MINUTE"
"5704","L77","TONNE PER CUBIC METRE BAR"
"5703","L76","TONNE PER CUBIC METRE KELVIN"
"5702","L75","TONNE PER HOUR BAR"
"5701","L74","TONNE PER HOUR KELVIN"
"5700","L73","TONNE PER DAY BAR"
"5699","L72","TONNE PER DAY KELVIN"
"5698","L71","TONNE PER DAY"
"5697","L70","TONNE PER BAR"
"5696","L69","TONNE PER KELVIN"
"5695","L68","SLUG PER SECOND"
"5694","L67","SLUG PER MINUTE"
"5693","L66","SLUG PER HOUR"
"5692","L65","SLUG PER CUBIC FOOT"
"5691","L64","SLUG PER FOOT SECOND"
"5690","L63","SLUG PER DAY"
"5689","L62","QUART (US DRY)"
"5688","L61","PINT (US DRY)"
"5687","L60","PINT (US LIQUID) PER SECOND"
"5686","L59","PINT (US LIQUID) PER MINUTE"
"5685","L58","PINT (US LIQUID) PER HOUR"
"5684","L57","PINT (US LIQUID) PER DAY"
"5683","L56","PINT (UK) PER SECOND"
"5682","L55","PINT (UK) PER MINUTE"
"5681","L54","PINT (UK) PER HOUR"
"5680","L53","PINT (UK) PER DAY"
"5679","L52","PSI PER PSI"
"5678","L51","PECK (US DRY) PER SECOND"
"5677","L50","PECK (US DRY) PER MINUTE"
"5676","L49","PECK (US DRY) PER HOUR"
"5675","L48","PECK (US DRY) PER DAY"
"5674","L47","PECK (UK) PER SECOND"
"5673","L46","PECK (UK) PER MINUTE"
"5672","L45","PECK (UK) PER HOUR"
"5671","L44","PECK (UK) PER DAY"
"5670","L43","PECK (UK)"
"5669","L42","PIKOSIEMENS PER METRE"
"5668","L41","OUNCE (AVOIRDUPOIS) FORCE INCH"
"5667","L40","OUNCE (AVOIRDUPOIS) FORCE"
"5666","L39","OUNCE (AVOIRDUPOIS) PER CUBIC INCH"
"5665","L38","OUNCE (AVOIRDUPOIS) PER GALLON (US)"
"5664","L37","OUNCE (AVOIRDUPOIS) PER GALLON (UK)"
"5663","L36","OUNCE (AVOIRDUPOIS) PER SECOND"
"5662","L35","OUNCE (AVOIRDUPOIS) PER MINUTE"
"5661","L34","OUNCE (AVOIRDUPOIS) PER HOUR"
"5660","L33","OUNCE (AVOIRDUPOIS) PER DAY"
"5659","L32","NANOGRAM PER KILOGRAM"
"5658","L31","MILLIROENTGEN AEQUIVALENT MEN"
"5657","L30","MOLE PER MINUTE"
"5656","L29","MOLE PER CUBIC METRE BAR"
"5655","L28","MOLE PER CUBIC METRE KELVIN"
"5654","L27","MOLE PER LITRE BAR"
"5653","L26","MOLE PER LITRE KELVIN"
"5652","L25","MOLE PER KILOGRAM BAR"
"5651","L24","MOLE PER KILOGRAM KELVIN"
"5650","L23","MOLE PER HOUR"
"5649","L21","CUBIC MILLIMETRE PER CUBIC METRE"
"6665","L20","RECIPROCAL CUBIC MILLIMETRE"
"6664","L2","LITRE PER MINUTE"
"6663","L19","MILLILITRE PER LITRE"
"6662","L18","MILLIGRAM PER CUBIC METRE BAR"
"6661","L17","MILLIGRAM PER CUBIC METRE KELVIN"
"6660","L16","MILLIPASCAL SECOND PER BAR"
"6659","L15","MILLIPASCAL SECOND PER KELVIN"
"6658","L14","SQUARE METRE HOUR DEGREE CELSIUS PER KILOCALORIE"
"6657","L13","METRE PER SECOND BAR"
"6656","L12","METRE PER SECOND KELVIN"
"6655","L11","QUART (US LIQUID) PER SECOND"
"6654","L10","QUART (US LIQUID) PER MINUTE"
"6653","KX","MILLILITRE PER KILOGRAM"
"5555","KWT","KILOWATT"
"6652","KWO","KILOGRAM OF TUNGSTEN TRIOXIDE"
"5556","KWH","KILOWATT-HOUR"
"6651","KW","KILOGRAM PER MILLIMETRE"
"5778","KVT","KILOVOLT"
"5777","KVR","KILOVAR"
"5554","KVA","KILOVOLT - AMPERE"
"5548","KUR","KILOGRAM OF URANIUM"
"5553","KTN","KILOTONNE"
"6650","KTM","KILOMETRE"
"6649","KT","KIT"
"5546","KSH","KILOGRAM OF SODIUM HYDYOXIDE  (CAUSTIC SODA)"
"5547","KSD","KILOGRAM OF SUBSTANCE 90 PER CENT DRY"
"6648","KS","THOUSAND POUND PER SQUARE INCH"
"6647","KR","KILOROENTGEN"
"5648","KPP","KGM OF PHOSPHORUS PENTOXIDE(PHOSPHORIC ANHYDRIDE"
"5545","KPO","KILOGRAM OF POTASSIUM OXIDE"
"5544","KPH","KILOGRAM OF POTASSIUM HYDROXIDE (CAUSTIC POTASN)"
"5776","KPA","KILOPASCAL"
"6646","KO","MILLIEQUIVALENCE CAUSTICPOTASH PER GRAM OF PRODUCT"
"5557","KNT","KNOT ( 1 N MILE OER HOUR"
"5542","KNS","KILOGRAM OF NAMED SUBSTANCE"
"5543","KNI","KILOGRAM OF NITROGEN"
"5551","KMT","KILOMETRE"
"5549","KMQ","KILOGRAM PER CUBIC METER"
"5621","KMK","SQUARE KILOMETRE"
"5552","KMH","KILOMETRE PER HOUR"
"6645","KMA","KILOGRAM OF METHYLAMINE"
"6644","KLK","LACTIC DRY MATERIAL PERCENTAGE"
"6643","KL","KILOGRAM PER METRE"
"5550","KJO","KILOJOULE"
"6642","KJ","KILOSEGMENT"
"6641","KIP","KILOGRAM, INCLUDING INNER PACKAGING"
"6640","KIC","KILOGRAM, INCLUDING CONTAINER"
"6639","KI","KILOGRAM PER MILLIMETRE WIDTH"
"5775","KHZ","KILOHERTZ"
"6638","KHY","KILOGRAM OF HYDROGEN PEROXIDE"
"5767","KGS","KILOGRAM PER SECOND"
"5541","KGM","KILOGRAM"
"6637","KG","KEG"
"6636","KF","KILOPACKET"
"5539","KEL","KELVIN"
"6635","KDW","KILOGRAM DRAINED NET WEIGHT"
"6634","KD","KILOGRAM DECIMAL"
"6633","KCC","KILOGRAM OF CHOLINE CHLORIDE"
"5540","KBA","KILOBAR"
"6632","KB","KILOCHARACTER"
"5774","KAT","KATAL"
"6631","KA","CAKE"
"6630","K99","QUART (US LIQUID) PER HOUR"
"6629","K98","QUART (US LIQUID) PER DAY"
"6628","K97","QUART (UK LIQUID) PER SECOND"
"6627","K96","QUART (UK LIQUID) PER MINUTE"
"6626","K95","QUART (UK LIQUID) PER HOUR"
"6625","K94","QUART (UK LIQUID) PER DAY"
"6624","K93","RECIPROCAL PSI"
"6623","K92","POUND-FORCE SECOND PER SQUARE INCH"
"6622","K91","POUND-FORCE SECOND PER SQUARE FOOT"
"6621","K90","PSI CUBIC YARD PER SECOND"
"6620","K89","PSI CUBIC METRE PER SECOND"
"6619","K88","PSI LITRE PER SECOND"
"6618","K87","PSI CUBIC INCH PER SECOND"
"6617","K86","POUND-FORCE PER SQUARE INCH DEGREE FAHRENHEIT"
"6616","K85","POUND-FORCE PER SQUARE FOOT"
"6615","K84","POUND PER CUBIC YARD"
"6614","K83","POUND (AVOIRDUPOIS) PER SECOND PSI"
"6613","K82","POUND (AVOIRDUPOIS) PER SECOND DEGREE FAHRENHEIT"
"6612","K81","POUND (AVOIRDUPOIS) PER SECOND"
"6611","K80","POUND (AVOIRDUPOIS) PER MINUTE PSI"
"6610","K79","POUND (AVOIRDUPOIS) PER MINUTE DEGREE FAHRENHEIT"
"6609","K78","POUND (AVOIRDUPOIS) PER MINUTE"
"6608","K77","POUND (AVOIRDUPOIS) PER PSI"
"6607","K76","POUND (AVOIRDUPOIS) PER CUBIC INCH PSI"
"6606","K75","POUND/AVOIRDUPOIS PER CUBIC INCH DEGREE FAHRENHEIT"
"6605","K74","POUND (AVOIRDUPOIS) PER HOUR PSI"
"6604","K73","POUND (AVOIRDUPOIS) PER HOUR DEGREE FAHRENHEIT"
"6603","K71","POUND (AVOIRDUPOIS) PER GALLON (UK)"
"6602","K70","POUND (AVOIRDUPOIS) PER CUBIC FOOT PSI"
"6601","K69","POUND/AVOIRDUPOIS PER CUBIC FOOT DEGREE FAHRENHEIT"
"6600","K68","POUND PER FOOT SECOND"
"6599","K67","POUND PER FOOT HOUR"
"6598","K66","POUND (AVOIRDUPOIS) PER DAY"
"6597","K65","POUND (AVOIRDUPOIS) SQUARE FOOT"
"6596","K64","POUND (AVOIRDUPOIS) PER DEGREE FAHRENHEIT"
"6595","K63","RECIPROCAL LITRE"
"6594","K62","LITRE PER LITRE"
"6593","K61","KILOMOLE PER MINUTE"
"6592","K60","KILOMOLE PER CUBIC METRE BAR"
"6591","K6","KILOLITRE"
"6590","K59","KILOMOLE PER CUBIC METRE KELVIN"
"6589","K58","KILOMOLE PER HOUR"
"6588","K55","KILOCALORIE (THERMOCHEMICAL) PER SECOND"
"6587","K54","KILOCALORIE (THERMOCHEMICAL) PER MINUTE"
"6586","K53","KILOCALORIE (THERMOCHEMICAL)"
"6585","K52","KILOCALORIE (IT) PER HOUR METRE DEGREE CELSIUS"
"6584","K51","KILOCALORIE (MEAN)"
"6583","K50","KILOBAUD"
"6582","K5","KILOVOLT AMPERE (REACTIVE)"
"6581","K49","RECIPROCAL CUBIC INCH"
"6580","K48","INCH PER SECOND PSI"
"6579","K47","INCH PER SECOND DEGREE FAHRENHEIT"
"6578","K46","INCH PER PSI"
"6577","K45","INCH PER DEGREE FAHRENHEIT"
"6576","K43","HORSEPOWER (ELECTRIC)"
"6575","K42","HORSEPOWER (BOILER)"
"6574","K41","GRAIN PER GALLON (US)"
"6573","K40","STANDARD ACCELERATION OF FREE FALL"
"6572","K39","GILL (US) PER SECOND"
"6571","K38","GILL (US) PER MINUTE"
"6570","K37","GILL (US) PER HOUR"
"6569","K36","GILL (US) PER DAY"
"6568","K35","GILL (UK) PER SECOND"
"6567","K34","GILL (UK) PER MINUTE"
"6566","K33","GILL (UK) PER HOUR"
"6565","K32","GILL (UK) PER DAY"
"6564","K31","GRAM-FORCE PER SQUARE CENTIMETRE"
"6563","K30","GALLON (US LIQUID) PER SECOND"
"6562","K3","KILOVOLT AMPERE REACTIVE HOUR"
"6561","K28","GALLON (UK) PER SECOND"
"6560","K27","GALLON (UK) PER HOUR"
"6559","K26","GALLON (UK) PER DAY"
"6558","K25","FOOT OF MERCURY"
"6557","K24","FOOT OF WATER"
"6556","K23","CUBIC FOOT PER PSI"
"6555","K22","CUBIC FOOT PER DAY"
"6554","K21","CUBIC FOOT PER DEGREE FAHRENHEIT"
"6553","K20","RECIPROCAL CUBIC FOOT"
"6552","K2","KILOVOLT AMPERE REACTIVE DEMAND"
"6551","K19","FOOT PER SECOND PSI"
"6550","K18","FOOT PER SECOND DEGREE FAHRENHEIT"
"6549","K17","FOOT PER PSI"
"6548","K16","FOOT POUND-FORCE PER MINUTE"
"6547","K15","FOOT POUND-FORCE PER HOUR"
"6546","K14","FOOT PER HOUR"
"6545","K13","FOOT PER DEGREE FAHRENHEIT"
"6544","K12","OUNCE (US FLUID) PER SECOND"
"6543","K11","OUNCE (US FLUID) PER MINUTE"
"6542","K10","OUNCE (US FLUID) PER HOUR"
"6541","K1","KILOWATT DEMAND"
"6540","JWL","NUMBER OF JEWELS"
"6539","JR","JAR"
"6538","JPS","HUNDRED METRE"
"5538","JOU","JOULE"
"6537","JO","JOINT"
"6536","JNT","PIPELINE JOINT"
"6535","JM","MEGAJOULE PER CUBIC METRE"
"6534","JK","MEGAJOULE PER KILOGRAM"
"6533","JG","JUG"
"6532","JE","JOULE PER KELVIN"
"6531","JB","JUMBO"
"6530","J99","OUNCE (US FLUID) PER DAY"
"6529","J98","OUNCE (UK FLUID) PER SECOND"
"6528","J97","OUNCE (UK FLUID) PER MINUTE"
"6527","J96","OUNCE (UK FLUID) PER HOUR"
"6526","J95","OUNCE (UK FLUID) PER DAY"
"6525","J94","DYNE CENTIMETRE"
"6524","J93","CUBIC DECIMETRE PER SECOND"
"6523","J92","CUBIC DECIMETRE PER MINUTE"
"6522","J91","CUBIC DECIMETRE PER CUBIC METRE"
"6521","J90","CUBIC DECIMETRE PER DAY"
"6520","J89","CENTIMETRE OF MERCURY"
"6519","J87","CUBIC CENTIMETRE PER CUBIC METRE"
"6518","J85","CENTIMETRE PER SECOND BAR"
"6517","J84","CENTIMETRE PER SECOND KELVIN"
"6516","J83","CLO"
"6515","J82","CALORIE (THERMOCHEMICAL) PER SECOND"
"6514","J81","CALORIE (THERMOCHEMICAL) PER MINUTE"
"6513","J79","CALORIE (THERMOCHEMICAL) PER GRAM DEGREE CELSIUS"
"6512","J78","CALORIE  PER CENTIMETRE SECOND DEGREE CELSIUS"
"6511","J76","CALORIE (INTERNATIONAL TABLE) /GRAM DEGREE CELSIUS"
"6510","J75","CALORIE (MEAN)"
"6509","J74","CENTIPOISE PER BAR"
"6508","J73","CENTIPOISE PER KELVIN"
"6507","J72","CENTINEWTON METRE"
"6506","J71","BUSHEL (US DRY) PER SECOND"
"6505","J70","BUSHEL (US DRY) PER MINUTE"
"6504","J69","BUSHEL (US DRY) PER HOUR"
"6503","J68","BUSHEL (US DRY) PER DAY"
"6502","J67","BUSHEL (UK) PER SECOND"
"6501","J66","BUSHEL (UK) PER MINUTE"
"6500","J65","BUSHEL (UK) PER HOUR"
"6499","J64","BUSHEL (UK) PER DAY"
"6498","J63","BARREL (US PETROLEUM) PER SECOND"
"6497","J62","BARREL (US PETROLEUM) PER HOUR"
"6496","J61","BARREL (UK PETROLEUM) PER SECOND"
"6495","J60","BARREL (UK PETROLEUM) PER HOUR"
"6494","J59","BARREL (UK PETROLEUM) PER DAY"
"6493","J58","BARREL (UK PETROLEUM) PER MINUTE"
"6492","J57","BARREL (UK PETROLEUM)"
"6491","J56","BAR PER BAR"
"6490","J55","WATT SECOND"
"6489","J54","MEGABAUD"
"6488","J53","COULOMB SQUARE METRE PER KILOGRAM"
"6487","J52","BRITISH THERMAL UNIT (THERMOCHEMICAL) PER SECOND"
"6486","J51","BRITISH THERMAL UNIT (THERMOCHEMICAL) PER MINUTE"
"6485","J50","BRITISH THERMAL UNIT PER POUND DEGREE FAHRENHEIT"
"6484","J49","BRTISHTHRMALUNIT INCH/SCONDu005cu00a0SQUAREFOOT D/FAHRNHEIT"
"6483","J48","BRTISHTHERMALUNIT INCH/HOUR SQUAREFOOT D/FHRENHEIT"
"6482","J47","BRITISH THERMAL UNIT (THERMOCHEMICAL) PER HOUR"
"6481","J46","BRTISHTHERMALUNIT FOOT/HOUR SQUAREFOOT D/FHRENHEIT"
"6480","J45","BRITISH THERMAL UNIT (INTERNATIONAL TABLE) /SECOND"
"6479","J44","BRITISH THERMAL UNIT (INTERNATIONAL TABLE) /MINUTE"
"6478","J43","BRITISH THERMAL UNIT PER POUND DEGREE FAHRENHEIT"
"6477","J42","BRTISHTHERMALUNIT INCH/SCOND SQUAREFOOT D/FAHRENHT"
"6476","J41","BRTISHTHERMALUNIT INCH/HOUR SQUAREFOOT D/FAHRNHEIT"
"6475","J40","BRTISH THERMALUNIT FOOT/HOURu005cu00a0SQUAREFOOT D/FHRNHEIT"
"6474","J39","BRITISH THERMAL UNIT (MEAN)"
"6473","J38","BAUD"
"6472","J36","MICROLITRE PER LITRE"
"6471","J35","MICROGRAM PER CUBIC METRE BAR"
"6470","J34","MICROGRAM PER CUBIC METRE KELVIN"
"6469","J33","MICROGRAM PER KILOGRAM"
"6468","J32","MICROPOISE"
"6467","J31","DEGREE TWADDELL"
"6466","J30","DEGREE RANKINE PER SECOND"
"6465","J29","DEGREE RANKINE PER MINUTE"
"6464","J28","DEGREE RANKINE PER HOUR"
"7080","J27","DEGREE OECHSLE"
"7079","J26","RECIPROCAL DEGREE FAHRENHEIT"
"7078","J25","DEGREE FAHRENHEIT PER SECOND"
"7077","J24","DEGREE FAHRENHEIT PER MINUTE"
"7076","J23","DEGREE FAHRENHEIT PER HOUR"
"7075","J22","BRITISH THERMALUNIT/HOUR SQUARE FOOT D/FAHRENHEIT "
"7074","J21","DEGREE FAHRENHEIT PER BAR"
"7073","J20","DEGREE FAHRENHEIT PER KELVIN"
"7072","J2","JOULE PER KILOGRAM"
"7071","J19","D/FHRNHET HOURSQUAREFOOT/BRTSHTHERMLUNT/THRMOCHEMC"
"7070","J18","DEGREE BRIX"
"7069","J17","DEGREE BALLING"
"7068","J16","DEGREE BAUME (US LIGHT)"
"7067","J15","DEGREE BAUME (US HEAVY)"
"7066","J14","DEGREE BAUME (ORIGIN SCALE)"
"7065","J13","DEGREE API"
"7064","J12","PER MILLE PER PSI"
"7063","J10","PERCENT PER MILLIMETRE"
"7062","IV","INCH PER SECOND SQUARED"
"7061","IU","INCH PER SECOND"
"7060","IT","COUNT PER CENTIMETRE"
"7059","ISD","INTERNATIONAL SUGAR DEGREE"
"7058","IP","INSURANCE POLICY"
"5488","INQ","CUBIC INCH"
"5620","INK","SQUARE INCH"
"5537","INH","INCH (2.54 MM)"
"7057","IM","IMPRESSION"
"7056","IL","INCH PER MINUTE"
"7055","II","COLUMN INCH"
"7054","IF","INCHES OF WATER"
"7053","IE","PERSON"
"7052","IC","COUNT PER INCH"
"7051","IA","INCH POUND (POUND INCH)"
"7050","HY","HUNDRED YARD"
"5532","HUR","HOUR"
"5531","HTZ","HERTZ"
"7049","HT","HALF HOUR"
"7048","HS","HUNDRED SQUARE FOOT"
"5529","HPA","HECTOLITRE OF PURE ALCOHOL"
"7047","HP","CONVENTIONAL MILLIMETRE OF WATER"
"7046","HO","HUNDRED TROY OUNCE"
"7045","HN","CONVENTIONAL MILLIMETRE OF MERCURY"
"5530","HMT","HECTOMETRE"
"5579","HMQ","MILLION CUBIC METRES"
"7044","HM","MILE PER HOUR"
"5528","HLT","HECTOLITRE"
"7043","HL","HUNDRED FOOT (LINEAR)"
"7042","HKM","HUNDRED KILOGRAM, NET MASS"
"7041","HK","HUNDRED KILOGRAM"
"7040","HJ","METRIC HORSE POWER"
"5534","HIU","HUNDRED INTENATIONAL UNITS"
"7039","HI","HUNDRED SHEET"
"7038","HH","HUNDRED CUBIC FOOT"
"5527","HGM","HECTOGRAM"
"7037","HF","HUNDRED FOOT"
"7036","HE","HUNDREDTH OF A CARAT"
"7035","HDW","HUNDRED KILOGRAM, DRY WEIGHT"
"7034","HD","HALF DOZEN"
"7033","HC","HUNDRED COUNT"
"7032","HBX","HUNDRED BOXES"
"5526","HBA","HECTOBAR"
"5525","HAR","HECTARE"
"7031","HA","HANK"
"7030","H99","PERCENT PER METRE"
"7029","H98","PERCENT PER INCH"
"7028","H96","PERCENT PER BAR"
"7027","H95","PERCENT PER VOLT"
"7026","H94","PERCENT PER THOUSAND"
"7025","H93","PERCENT PER HUNDRED"
"7024","H92","PERCENT PER ONE HUNDRED THOUSAND"
"7023","H91","PERCENT PER TEN THOUSAND"
"7022","H90","PERCENT PER DEGREE"
"7021","H89","PERCENT PER OHM"
"7020","H88","MEGAOHM KILOMETRE"
"7019","H87","PIECE"
"7018","H85","RECIPROCAL WEEK"
"7017","H84","GRAM MILLIMETRE"
"7016","H83","LITRE PER KILOGRAM"
"7015","H82","BIG POINT"
"7014","H81","MILLIMETRE PER MINUTE"
"7013","H80","RACK UNIT"
"7012","H79","FRENCH GAUGE"
"7011","H78","CONVENTIONAL CENTIMETRE OF WATER"
"7010","H77","MODULE WIDTH"
"7009","H76","GRAM PER MILLIMETRE"
"7008","H75","DECAPASCAL"
"7007","H74","WATT PER METRE"
"7006","H73","PERCENT PER DECAKELVIN"
"7005","H72","PERCENT PER HECTOBAR"
"7004","H71","PERCENT PER MONTH"
"7003","H70","PICOSECOND"
"7002","H69","PICOPASCAL PER KILOMETRE"
"7001","H68","MILLIMOLE PER GRAM"
"7000","H67","MILLIMETRE PER HOUR"
"6999","H66","MILLIMETRE PER YEAR"
"6998","H65","MILLILITRE PER CUBIC METRE"
"6997","H64","MILLIGRAM PER GRAM"
"6996","H63","MILLIGRAM PER SQUARE CENTIMETRE"
"6995","H62","MILLIVOLT PER MINUTE"
"6994","H61","MILLISIEMENS PER CENTIMETRE"
"6993","H60","CUBIC METRE PER CUBIC METRE"
"6992","H59","SQUARE METRE PER NEWTON"
"6991","H58","METRE PER VOLT SECOND"
"6990","H57","INCH PER TWO PI RADIANT"
"6989","H56","KILOGRAM PER SQUARE METRE SECOND"
"6988","H55","KILOGRAM PER CUBIC DECIMETRE BAR"
"6987","H54","KILOGRAM PER CUBIC DECIMETRE KELVIN"
"6986","H53","KILOGRAM PER BAR"
"6985","H52","DECIBEL PER METRE"
"6984","H51","DECIBEL PER KILOMETRE"
"6983","H50","RECIPROCAL CUBIC CENTIMETRE"
"6982","H49","CENTIMETRE PER HOUR"
"6981","H48","ATTOFARAD"
"6980","H47","WATT PER CUBIC METRE"
"6979","H46","VOLT PER SECOND"
"6978","H45","VOLT SECOND PER METRE"
"6977","H44","TERAOHM"
"6976","H43","SIEMENS PER CENTIMETRE"
"6975","H42","PASCAL PER METRE"
"6974","H41","NEWTON METRE WATT TO THE POWER MINUS 0,5"
"6973","H40","NEWTON PER AMPERE"
"6972","H39","MEGAHERTZ KILOMETRE"
"6971","H38","MEGAAMPERE"
"6970","H37","MEGAOHM PER METRE"
"6969","H36","MEGAOHM PER KILOMETRE"
"6968","H35","KELVIN METRE PER WATT"
"6967","H34","HERTZ METRE"
"6966","H33","FARAD PER KILOMETRE"
"6965","H32","AMPERE SQUARED SECOND"
"6964","H31","AMPERE PER KILOGRAM"
"6963","H30","SQUARE MICROMETRE"
"6962","H29","MICROGRAM PER LITRE"
"6961","H28","MICROFARAD PER KILOMETRE"
"6960","H27","DEGREE PER METRE"
"6959","H26","OHM PER METRE"
"6958","H25","PERCENT PER KELVIN"
"6957","H24","VOLT PER MICROSECOND"
"6956","H23","VOLT PER INCH"
"6955","H22","VOLT SQUARE INCH PER POUND-FORCE"
"6954","H21","BLANK"
"6953","H20","CUBIC KILOMETRE"
"6952","H2","HALF LITRE"
"6951","H19","CUBIC HECTOMETRE"
"6950","H18","SQUARE HECTOMETRE"
"6949","H16","SQUARE DECAMETRE"
"6948","H15","SQUARE CENTIMETRE PER GRAM"
"6947","H14","DEGREE CELSIUS PER SECOND"
"6946","H13","DEGREE CELSIUS PER MINUTE"
"6945","H12","DEGREE CELSIUS PER HOUR"
"6944","H11","RECIPROCAL MONTH"
"6943","H10","RECIPROCAL HOUR"
"6942","H1","HALF PAGE - ELECTRONIC"
"6941","H09","RECIPROCAL YEAR"
"6940","H08","MICROBECQUEREL"
"6939","H07","PASCAL SECOND PER BAR"
"6938","H06","MILLIHENRY PER OHM"
"6937","H05","MILLIHENRY PER KILOOHM"
"6936","H04","HENRY PER OHM"
"6935","H03","HENRY PER KILOOHM"
"6934","GZ","GAGE SYSTEM"
"6933","GY","GROSS YARD"
"5516","GWH","GIGAWATT-HOUR (1 MILLION KW/H)"
"6932","GW","GALLON PER THOUSAND CUBIC FOOT"
"6931","GV","GIGAJOULE"
"6930","GT","GROSS TON"
"5523","GRT","GROSS (REGISTER) TON"
"5522","GRO","GROSS"
"5519","GRN","GRAIN GB,US (64,798910 MG)"
"5520","GRM","GRAM"
"6929","GQ","MICROGRAM PER CUBIC METRE"
"6928","GP","MILLIGRAM PER CUBIC METRE"
"6927","GO","MILLIGRAM PER SQUARE METRE"
"6926","GN","GROSS GALLON"
"6925","GM","GRAM PER SQUARE METRE"
"5558","GLL","LIQUID GALLON (3,78541 DM3)"
"5514","GLI","GALLON (4,546092 DM3)"
"5508","GLD","DRY GALLON (4,404884 DM3)"
"6924","GL","GRAM PER LITRE"
"6923","GK","GRAM PER KILOGRAM"
"6922","GJ","GRAM PER MILLILITRE"
"6921","GIP","GRAM, INCLUDING INNER PACKAGING"
"5517","GII","GILL (0,142065 DM3)"
"6920","GIC","GRAM, INCLUDING CONTAINER"
"5518","GIA","GILL (11,8294 CM3)"
"6919","GH","HALF GALLON (US)"
"5521","GGR","GREAT GROSS (12 GROSS)"
"6918","GFI","GRAM OF FISSILE ISOTOPE"
"6917","GF","GRAM PER METRE (GRAM PER 100 CENTIMETRES)"
"6916","GE","POUND PER GALLON (US)"
"6915","GDW","GRAM, DRY WEIGHT"
"6914","GD","GROSS BARREL"
"6913","GC","GRAM PER 100 GRAM"
"5515","GBQ","GIGABECQUEREL"
"6912","GB","GALLON (US) PER DAY"
"6911","G99","MICROHENRY PER OHM"
"6910","G98","MICROHENRY PER KILOOHM"
"6909","G97","MILLILITRE PER BAR"
"6908","G96","CUBIC METRE PER BAR"
"6907","G95","LITRE PER BAR"
"6906","G94","CUBIC CENTIMETRE PER BAR"
"6905","G93","MILLILITRE PER SECOND BAR"
"6904","G92","MILLILITRE PER MINUTE BAR"
"6903","G91","MILLILITRE PER HOUR BAR"
"6902","G90","MILLILITRE PER DAY BAR"
"6901","G89","CUBIC METRE PER SECOND BAR"
"6900","G88","CUBIC METRE PER MINUTE BAR"
"6899","G87","CUBIC METRE PER HOUR BAR"
"6898","G86","CUBIC METRE PER DAY BAR"
"6897","G85","LITRE PER SECOND BAR"
"6896","G84","LITRE PER MINUTE BAR"
"6895","G83","LITRE PER HOUR BAR"
"6894","G82","LITRE PER DAY BAR"
"6893","G81","CUBIC CENTIMETRE PER SECOND BAR"
"6892","G80","CUBIC CENTIMETRE PER MINUTE BAR"
"6891","G79","CUBIC CENTIMETRE PER HOUR BAR"
"6890","G78","CUBIC CENTIMETRE PER DAY BAR"
"6889","G77","MILLIMETRE TO THE FOURTH POWER"
"6888","G76","MILLILITRE PER SECOND KELVIN"
"6887","G75","MILLILITRE PER MINUTE KELVIN"
"6886","G74","MILLILITRE PER HOUR KELVIN"
"6885","G73","MILLILITRE PER DAY KELVIN"
"6884","G72","CUBIC METRE PER SECOND KELVIN"
"6883","G71","CUBIC METRE PER MINUTE KELVIN"
"6882","G70","CUBIC METRE PER HOUR KELVIN"
"6881","G7","MICROFICHE SHEET"
"6880","G69","CUBIC METRE PER DAY KELVIN"
"6879","G68","LITRE PER SECOND KELVIN"
"6878","G67","LITRE PER MINUTE KELVIN"
"6877","G66","LITRE PER HOUR KELVIN"
"6876","G65","LITRE PER DAY KELVIN"
"6875","G64","CUBIC CENTIMETRE PER SECOND KELVIN"
"6874","G63","CUBIC CENTIMETRE PER MINUTE KELVIN"
"6873","G62","CUBIC CENTIMETRE PER HOUR KELVIN"
"6872","G61","CUBIC CENTIMETRE PER DAY KELVIN"
"6871","G60","VOLT PER BAR"
"6870","G59","MILLIAMPERE PER LITRE MINUTE"
"6869","G58","CUBIC INCH PER SECOND"
"6868","G57","CUBIC INCH PER MINUTE"
"6867","G56","CUBIC INCH PER HOUR"
"6866","G55","MILLILITRE PER HOUR"
"6865","G54","MILLILITRE PER DAY"
"6864","G53","CUBIC METRE PER MINUTE"
"6863","G52","CUBIC METRE PER DAY"
"6862","G51","LITRE PER SECOND"
"6861","G50","GALLON (US) PER HOUR"
"6860","G49","CUBIC CENTIMETRE PER MINUTE"
"6859","G48","CUBIC CENTIMETRE PER HOUR"
"6858","G47","CUBIC CENTIMETRE PER DAY"
"6857","G46","STOKES PER BAR"
"6856","G45","NANOSIEMENS PER METRE"
"6855","G44","NANOSIEMENS PER CENTIMETRE"
"6854","G43","MICROSIEMENS PER METRE"
"6853","G42","MICROSIEMENS PER CENTIMETRE"
"6852","G41","SQUARE METRE PER SECOND BAR"
"6851","G40","KILOGRAM PER CUBIC METRE KELVIN"
"6850","G39","KILOGRAM PER LITRE KELVIN"
"6849","G38","KILOGRAM PER CUBIC CENTIMETRE KELVIN"
"6848","G37","GRAM PER MILLILITRE KELVIN"
"6847","G36","GRAM PER CUBIC METRE KELVIN"
"6846","G35","GRAM PER LITRE KELVIN"
"6845","G34","GRAM PER CUBIC DECIMETRE KELVIN"
"6844","G33","GRAM PER CUBIC CENTIMETRE KELVIN"
"6843","G32","OUNCE (AVOIRDUPOIS) PER CUBIC YARD"
"6842","G31","KILOGRAM PER CUBIC CENTIMETRE"
"6841","G30","MILLILITRE PER KELVIN"
"6840","G3","IMPERIAL GALLON PER MINUTE"
"6839","G29","CUBIC METRE PER KELVIN"
"6838","G28","LITRE PER KELVIN"
"6837","G27","CUBIC CENTIMETRE PER KELVIN"
"6836","G26","STERE"
"6835","G25","TEASPOON (US)"
"6834","G24","TABLESPOON (US)"
"6833","G23","PECK"
"6832","G21","CUP [UNIT OF VOLUME]"
"6831","G20","POUND-FORCE FOOT PER POUND"
"6830","G2","US GALLON PER MINUTE"
"6829","G19","NEWTON METRE PER KILOGRAM"
"6828","G18","KILOGRAM PER CUBIC METRE BAR"
"6827","G17","KILOGRAM PER LITRE BAR"
"6826","G16","KILOGRAM PER CUBIC CENTIMETRE BAR"
"6825","G15","GRAM PER MILLILITRE BAR"
"6824","G14","GRAM PER CUBIC METRE BAR"
"6823","G13","GRAM PER LITRE BAR"
"6822","G12","GRAM PER CUBIC DECIMETRE BAR"
"6821","G11","GRAM PER CUBIC CENTIMETRE BAR"
"6820","G10","STOKES PER KELVIN"
"6819","G09","SQUARE METRE PER SECOND KELVIN"
"6818","G08","SQUARE INCH PER SECOND"
"6817","G06","MILLIMETRE PER BAR"
"6816","G05","METRE PER BAR"
"6815","G04","CENTIMETRE PER BAR"
"6814","G01","PASCAL CUBIC METRE PER SECOND"
"5487","FTQ","CUBIC FOOT"
"5619","FTK","SQUARE FOOT"
"6813","FS","FOOT PER SECOND"
"6812","FR","FOOT PER MINUTE"
"6811","FP","POUND PER SQUARE FOOT"
"5513","FOT","FOOT (0.3048 M)"
"6810","FM","MILLION CUBIC FOOT"
"6809","FL","FLAKE TON"
"6808","FIT","FAILURES IN TIME"
"6807","FH","MICROMOLE"
"6806","FG","TRANSDERMAL PATCH"
"6805","FF","HUNDRED CUBIC METRE"
"6804","FE","TRACK FOOT"
"6803","FD","MILLION PARTICLE PER CUBIC FOOT"
"6802","FC","THOUSAND CUBIC FOOT"
"6801","FBM","FIBRE METRE"
"6800","FB","FIELD"
"5773","FAR","FARAD"
"5498","FAH","DEGREE FAHRENHEIT"
"6799","F99","PASCAL LITRE PER SECOND"
"6798","F98","MEGAPASCAL CUBIC METRE PER SECOND"
"6797","F97","MEGAPASCAL LITRE PER SECOND"
"6796","F96","MILLIBAR CUBIC METRE PER SECOND"
"6795","F95","MILLIBAR LITRE PER SECOND"
"6794","F94","HEKTOPASCAL CUBIC METRE PER SECOND"
"6793","F93","HEKTOPASCAL LITRE PER SECOND"
"6792","F92","BAR CUBIC METRE PER SECOND"
"6791","F91","BAR LITRE PER SECOND"
"6790","F90","NEWTON METRE PER AMPERE"
"6789","F9","FIBRE PER CUBIC CENTIMETRE OF AIR"
"6788","F89","NEWTON METRE PER DEGREE"
"6787","F88","NEWTON CENTIMETRE"
"6786","F87","VOLT PER LITRE MINUTE"
"6785","F86","POISE PER KELVIN"
"6784","F85","MEGAPASCAL PER KELVIN"
"6783","F84","MILLIBAR PER KELVIN"
"6782","F83","KILOPASCAL PER KELVIN"
"6781","F82","HEKTOPASCAL PER KELVIN"
"6780","F81","BAR PER KELVIN"
"6779","F80","WATER HORSE POWER"
"6778","F79","INCH OF MERCURY"
"6777","F78","INCH OF WATER"
"6776","F77","PASCAL SECOND PER KELVIN"
"6775","F76","MILLIAMPERE PER MILLIMETRE"
"6774","F75","MILLIGRAM PER BAR"
"6773","F74","GRAM PER BAR"
"6772","F73","MILLIGRAM PER SECOND BAR"
"6771","F72","MILLIGRAM PER MINUTE BAR"
"6770","F71","MILLIGRAM PER HOUR BAR"
"6769","F70","MILLIGRAM PER DAY BAR"
"6768","F69","KILOGRAM PER SECOND BAR"
"6767","F68","KILOGRAM PER MINUTE BAR"
"6766","F67","KILOGRAM PER HOUR BAR"
"6765","F66","KILOGRAM PER DAY BAR"
"6764","F65","GRAM PER SECOND BAR"
"6763","F64","GRAM PER MINUTE BAR"
"6762","F63","GRAM PER HOUR BAR"
"6761","F62","GRAM PER DAY BAR"
"6760","F61","KELVIN PER BAR"
"6759","F60","DEGREE CELSIUS PER BAR"
"6758","F59","MILLIAMPERE PER BAR"
"6757","F58","RECIPROCAL BAR"
"6756","F57","MILLIAMPERE PER POUND-FORCE PER SQUARE INCH"
"6755","F56","OHM PER KILOMETRE"
"6754","F55","OHM PER MILE"
"6753","F54","MILLIOHM PER METRE"
"6752","F53","MILLIMETRE PER KELVIN"
"6751","F52","METRE PER KELVIN"
"6750","F51","CENTIMETRE PER KELVIN"
"6749","F50","MICROMETRE PER KELVIN"
"6748","F49","ROD [UNIT OF DISTANCE]"
"6747","F48","POUND-FORCE PER INCH"
"6746","F47","NEWTON PER MILLIMETRE"
"6745","F46","MILLIGRAM PER SECOND KELVIN"
"6744","F45","MILLIGRAM PER MINUTE KELVIN"
"6743","F44","MILLIGRAM PER HOUR KELVIN"
"6742","F43","MILLIGRAM PER DAY KELVIN"
"6741","F42","KILOGRAM PER SECOND KELVIN"
"6740","F41","KILOGRAM PER MINUTE KELVIN"
"6739","F40","KILOGRAM PER HOUR KELVIN"
"6738","F39","KILOGRAM PER DAY KELVIN"
"6737","F38","GRAM PER SECOND KELVIN"
"6736","F37","GRAM PER MINUTE KELVIN"
"6735","F36","GRAM PER HOUR KELVIN"
"6734","F35","GRAM PER DAY KELVIN"
"6733","F34","MILLIGRAM PER SECOND"
"6732","F33","MILLIGRAM PER MINUTE"
"6731","F32","MILLIGRAM PER DAY"
"6730","F31","KILOGRAM PER MINUTE"
"6729","F30","KILOGRAM PER DAY"
"6728","F29","GRAM PER SECOND"
"6727","F28","GRAM PER MINUTE"
"6726","F27","GRAM PER HOUR"
"6725","F26","GRAM PER DAY"
"6724","F25","GRAM PER HERTZ"
"6723","F24","KILOGRAM PER KILOMOL"
"6722","F23","GRAM PER CUBIC DECIMETRE"
"6721","F22","POUND-FORCE FOOT PER AMPERE"
"6720","F21","POUND-FORCE INCH"
"6719","F20","POUND INCH SQUARED"
"6718","F19","KILOGRAM SQUARE MILLIMETRE"
"6717","F18","KILOGRAM SQUARE CENTIMETRE"
"6716","F17","POUND-FORCE PER FOOT"
"6715","F16","MILLIGRAM PER KELVIN"
"6714","F15","KILOGRAM PER KELVIN"
"6713","F14","GRAM PER KELVIN"
"6712","F13","SLUG"
"6711","F12","KELVIN PER SECOND"
"6710","F11","KELVIN PER MINUTE"
"6709","F10","KELVIN PER HOUR"
"6708","F1","THOUSAND CUBIC FOOT PER DAY"
"6707","F08","MILLIAMPERE PER INCH"
"6706","F07","PASCAL PER BAR"
"6705","F06","POISE PER BAR"
"6704","F05","MEGAPASCAL PER BAR"
"6703","F04","MILLIBAR PER BAR"
"6702","F03","KILOPASCAL PER BAR"
"6701","F02","KELVIN PER KELVIN"
"6700","F01","BIT PER CUBIC METRE"
"6699","EV","ENVELOPE"
"6698","EQ","EQUIVALENT GALLON"
"6697","EP","ELEVEN PACK"
"6696","EC","EACH PER MONTH"
"6695","EB","ELECTRONIC MAIL BOX"
"6694","EA","EACH"
"6693","E99","HEKTOPASCAL PER BAR"
"6692","E98","DEGREE CELSIUS PER KELVIN"
"6691","E97","MILLIMETRE PER DEGREE CELCIUS METRE"
"6690","E96","DEGREE PER SECOND"
"6689","E95","MOLE PER SECOND"
"6688","E94","KILOMOLE PER SECOND"
"6687","E93","KILOGRAM PER HOUR"
"6686","E92","CUBIC DECIMETRE PER HOUR"
"6685","E91","RECIPROCAL DAY"
"6684","E90","RECIPROCAL CENTIMETRE"
"6683","E89","BIT PER SQUARE METRE"
"6682","E88","BIT PER METRE"
"6681","E87","TEBIBIT PER SQUARE METRE"
"6680","E86","TEBIBIT PER CUBIC METRE"
"6679","E85","TEBIBIT PER METRE"
"6678","E84","TERABIT PER SECOND"
"6677","E83","TERABIT"
"6676","E82","PEBIBIT PER CUBIC METRE"
"6675","E81","PEBIBIT PER SQUARE METRE"
"6674","E80","PEBIBIT PER METRE"
"6673","E79","PETABIT PER SECOND"
"6672","E78","PETABIT"
"6671","E77","MEBIBIT PER CUBIC METRE"
"6670","E76","MEBIBIT PER SQUARE METRE"
"6669","E75","MEBIBIT PER METRE"
"6668","E74","KIBIBIT PER CUBIC METRE"
"6667","E73","KIBIBIT PER SQUARE METRE"
"6666","E72","KIBIBIT PER METRE"
"6463","E71","GIBIBIT PER CUBIC METRE"
"6462","E70","GIBIBIT PER SQUARE METRE"
"6461","E69","GIBIBIT PER METRE"
"6460","E68","GIGABYTE PER SECOND"
"6459","E67","EXBIBIT PER CUBIC METRE"
"6458","E66","EXBIBIT PER SQUARE METRE"
"6457","E65","EXBIBIT PER METRE"
"6456","E64","KIBIBYTE"
"6455","E63","MEBIBYTE"
"6454","E62","GIBIBYTE"
"6453","E61","TEBIBYTE"
"6452","E60","PEBIBYTE"
"6451","E59","EXBIBYTE"
"6450","E58","EXABIT PER SECOND"
"6449","E57","ZONE"
"6448","E56","WELL"
"6447","E55","USE"
"6446","E54","TRIP"
"6445","E53","TEST"
"6444","E52","RUN FOOT"
"6443","E51","JOB"
"6442","E50","ACCOUNTING UNIT"
"6441","E5","METRIC LONG TON"
"6440","E49","WORKING DAY"
"6439","E48","SERVICE UNIT"
"6438","E47","KILOWATT HOUR PER KELVIN"
"6437","E46","KILOWATT HOUR PER CUBIC METRE"
"6436","E45","MILLIOHM"
"6435","E44","KILOGRAM-FORCE METRE PER SQUARE CENTIMETRE"
"6434","E43","JOULE PER SQUARE CENTIMETRE"
"6433","E42","KILOGRAM-FORCE PER SQUARE CENTIMETRE"
"6432","E41","KILOGRAM-FORCE PER SQUARE MILLIMETRE"
"6431","E40","PART PER HUNDRED THOUSAND"
"6430","E4","GROSS KILOGRAM"
"6429","E39","DOTS PER INCH"
"6428","E38","MEGAPIXEL"
"6427","E37","PIXEL"
"6426","E36","PETABYTE"
"6425","E35","TERABYTE"
"6424","E34","GIGABYTE"
"6423","E33","FOOT PER THOUSAND"
"6422","E32","LITRE PER HOUR"
"6421","E31","SQUARE METRE PER LITRE"
"6420","E30","STRAND"
"6419","E3","TRAILER"
"6418","E28","AIR DRY TON"
"6417","E27","DOSE"
"6416","E25","ACTIVE UNIT"
"6415","E23","TYRE"
"6414","E22","TEU"
"6413","E21","SHARES"
"6412","E20","MEGABIT PER SECOND"
"6411","E2","BELT"
"6410","E19","PING"
"6409","E18","TONNE PER HOUR"
"6408","E17","CUBIC FOOT PER SECOND"
"6407","E16","MILLION BTU(IT) PER HOUR"
"6406","E15","KILOCALORIE (THERMOCHEMICAL) PER HOUR"
"6405","E14","KILOCALORIE (INTERNATIONAL TABLE)"
"6404","E12","MILLE"
"6403","E11","GIGACALORIE"
"6402","E10","DEGREE DAY"
"6401","E09","MILLIAMPERE HOUR"
"6400","E08","MEGAWATT PER HERTZ"
"6399","E07","MEGAWATT HOUR PER HOUR"
"6398","E01","NEWTON PER SQUARE CENTIMETRE"
"5501","DZP","DOZEN PACKS"
"5500","DZN","DOZEN"
"6397","DY","DIRECTORY BOOK"
"6396","DX","DYNE PER CENTIMETRE"
"5599","DWT","PENNYWEIGHT GB,US (1,555174 G)"
"6395","DU","DYNE"
"5481","DTN","CENTNER, METRIC (100 KG)"
"6394","DT","DRY TON"
"6393","DS","DISPLAY"
"5504","DRM","DRACHM, GB (3,887935 G)"
"5503","DRL","DOZEN ROLLS"
"5505","DRI","DRAM GB (1,771745 G)"
"5506","DRA","DRAM US (3,887935 G)"
"6392","DR","DRUM"
"6391","DQ","DATA RECORD"
"5499","DPT","DISPLECEMENT TONNEGE"
"5502","DPR","DOZEN PAIRS"
"6390","DPC","DOZEN PIECE"
"6389","DN","DECINEWTON METRE"
"5496","DMT","DECIMETRE"
"5486","DMQ","CUBIC DECIMETRE"
"6388","DMO","STANDARD KILOLITRE"
"5618","DMK","SQUARE DECIMETRE"
"5772","DMA","CUBIC DECAMETRE"
"5771","DLT","DECILITRE"
"6387","DJ","DECAGRAM"
"6386","DI","DISPENSER"
"6385","DG","DECIGRAM"
"6384","DEC","DECADE"
"6383","DE","DEAL"
"6382","DD","DEGREE [UNIT OF ANGLE]"
"6381","DC","DISK (DISC)"
"5494","DBC","DECADE (TEN YEARS)"
"6380","DB","DRY POUND"
"5493","DAY","DAY"
"5631","DAD","TEN DAY"
"5495","DAA","DECARE"
"6379","D99","SLEEVE"
"6378","D98","MASS POUND"
"6377","D97","PALLET/UNIT LOAD"
"6376","D96","POUND GROSS"
"6375","D95","JOULE PER GRAM"
"6374","D94","SECOND PER CUBIC METRE RADIAN"
"6373","D93","SECOND PER CUBIC METRE"
"6372","D92","BAND"
"6371","D91","REM"
"6370","D90","CUBIC METRE (NET)"
"6369","D9","DYNE PER SQUARE CENTIMETRE"
"6368","D89","MILLICOULOMB PER SQUARE METRE"
"6367","D88","MILLICOULOMB PER CUBIC METRE"
"6366","D87","MILLIMOLE PER KILOGRAM"
"6365","D86","MILLICOULOMB"
"6364","D85","MICROWATT PER SQUARE METRE"
"6363","D83","MILLINEWTON METRE"
"6362","D82","MICROVOLT"
"6361","D81","MICROTESLA"
"6360","D80","MICROWATT"
"6359","D8","DRAIZE SCORE"
"6358","D79","BEAM"
"6357","D78","MEGAJOULE PER SECOND"
"6356","D77","MEGACOULOMB"
"6355","D76","CALORIE (INTERNATIONAL TABLE) PER GRAM KELVIN"
"6354","D75","CALORIE (INTERNATIONAL TABLE) PER GRAM"
"6353","D74","KILOGRAM PER MOLE"
"6352","D73","JOULE SQUARE METRE"
"6351","D72","IT CALORIE PER SECOND SQUARE CENTIMETRE KELVIN"
"6350","D71","IT CALORIE PER SECOND CENTIMETRE KELVIN"
"6349","D70","INTERNATIONAL TABLE (IT) CALORIE"
"6348","D7","SANDWICH"
"6347","D69","INCH TO THE FOURTH POWER"
"6346","D68","NUMBER OF WORDS"
"6345","D67","DOLLAR PER HOUR"
"6344","D66","CASSETTE"
"6343","D65","ROUND"
"6342","D64","BLOCK"
"6341","D63","BOOK"
"6340","D62","SECOND [UNIT OF ANGLE]"
"6339","D61","MINUTE [UNIT OF ANGLE]"
"6338","D60","WEBER PER MILLIMETRE"
"6337","D6","ROENTGEN PER SECOND"
"6336","D59","WEBER PER METRE"
"6335","D58","WATT PER STERADIAN SQUARE METRE"
"6334","D57","WATT PER STERADIAN"
"6333","D56","WATT PER SQUARE METRE KELVIN TO THE FOURTH POWER"
"6332","D55","WATT PER SQUARE METRE KELVIN"
"6331","D54","WATT PER SQUARE METRE"
"6330","D53","WATT PER METRE KELVIN"
"6329","D52","WATT PER KELVIN"
"6328","D51","VOLT PER MILLIMETRE"
"6327","D50","VOLT PER METRE"
"6326","D5","KILOGRAM PER SQUARE CENTIMETRE"
"6325","D49","MILLIVOLT PER KELVIN"
"6324","D48","VOLT PER KELVIN"
"6323","D47","VOLT PER CENTIMETRE"
"6322","D46","VOLT - AMPERE"
"6321","D45","VOLT SQUARED PER KELVIN SQUARED"
"6320","D44","VAR"
"6319","D43","UNIFIED ATOMIC MASS UNIT"
"6318","D42","TROPICAL YEAR"
"6317","D41","TONNE PER CUBIC METRE"
"6316","D40","THOUSAND LITRE"
"6315","D39","CALORIE PER SECOND SQUARE CENTIMETRE KELVIN"
"6314","D38","CALORIE (THERMOCHEMICAL) /SECOND CENTIMETRE KELVIN"
"6313","D37","CALORIE (THERMOCHEMICAL) PER GRAM KELVIN"
"6312","D36","MEGABIT"
"6311","D35","CALORIE (THERMOCHEMICAL)"
"6310","D34","TEX"
"6309","D33","TESLA"
"6308","D32","TERAWATT HOUR"
"6307","D31","TERAWATT"
"6306","D30","TERAJOULE"
"6305","D29","TERAHERTZ"
"6304","D28","SYPHON"
"6303","D27","STERADIAN"
"6302","D26","SQUARE METRE PER VOLT SECOND"
"6301","D25","SQUARE METRE PER STERADIAN JOULE"
"6300","D24","SQUARE METRE PER STERADIAN"
"6299","D23","PEN GRAM (PROTEIN)"
"6298","D22","SQUARE METRE PER MOLE"
"6297","D21","SQUARE METRE PER KILOGRAM"
"6296","D20","SQUARE METRE PER JOULE"
"6295","D2","RECIPROCAL SECOND PER STERADIAN METRE SQUARED"
"6294","D19","SQUARE METRE KELVIN PER WATT"
"6293","D18","METRE KELVIN"
"6292","D17","SQUARE CENTIMETRE PER STERADIAN ERG"
"6291","D16","SQUARE CENTIMETRE PER ERG"
"6290","D15","SONE"
"6289","D14","THOUSAND LINEAR YARD"
"6288","D13","SIEVERT"
"6287","D12","SIEMENS SQUARE METRE PER MOLE"
"6286","D11","MEBIBIT"
"6285","D10","SIEMENS PER METRE"
"6284","D1","RECIPROCAL SECOND PER STERADIAN"
"6283","D04","LOT  [UNIT OF WEIGHT]"
"6282","D03","KILOWATT HOUR PER HOUR"
"6281","CZ","COMBO"
"6280","CY","CYLINDER"
"5564","CWI","LONG/ HUNDREDWEIGHT GB (50,802345 KG)"
"5536","CWA","HUNDREDWEIGHT, US (45,3592 KG)"
"6279","CV","COVER"
"5766","CUR","CURIE"
"6278","CU","CUP"
"6277","CTN","CONTENT TON (METRIC)"
"5573","CTM","METRIC CARAT (200 MG = 2.10-4 KG)"
"6276","CTG","CONTENT GRAM"
"6275","CT","CARTON"
"6274","CS","CASE"
"6273","CR","CRATE"
"6272","CQ","CARTRIDGE"
"5483","COU","COULOMB"
"6271","CO","CARBOY"
"5478","CNT","CENTAL GB (45,359237 KG)"
"5535","CNP","HUNDRED PACKS"
"5480","CMT","CENTIMETRE"
"5485","CMQ","CUBIC CENTIMETRE"
"5617","CMK","SQUARE CENTIMETRE"
"5479","CLT","CENTILITRE"
"6270","CLF","HUNDRED LEAVE"
"6269","CL","COIL"
"5484","CKG","COULOMB PER KILOGRAM"
"6268","CK","CONNECTOR"
"6267","CJ","CONE"
"6266","CH","CONTAINER"
"5770","CGM","CENTIGRAM"
"6265","CG","CARD"
"5533","CEN","HUNDRED"
"5497","CEL","DEGREE CELCIUS"
"5476","CDL","CANDELA"
"5477","CCT","CARRYING CAPACITY IN METRIC TONNES"
"6264","CA","CAN"
"6263","C99","RECIPROCAL SECOND PER METRE SQUARED"
"6262","C98","RECIPROCAL SECOND PER CUBIC METRE"
"6261","C97","RECIPROCAL SECOND"
"6260","C96","RECIPROCAL PASCAL OR PASCAL TO THE POWER MINUS ONE"
"6259","C95","RECIPROCAL MOLE"
"6258","C94","RECIPROCAL MINUTE"
"6257","C93","RECIPROCAL SQUARE METRE"
"6256","C92","RECIPROCAL METRE"
"6255","C91","RECIPROCAL KELVIN OR KELVIN TO THE POWER MINUS ONE"
"6254","C90","RECIPROCAL JOULE PER CUBIC METRE"
"6253","C9","COIL GROUP"
"6252","C89","RECIPROCAL HENRY"
"6251","C88","RECIPROCAL ELECTRON VOLT PER CUBIC METRE"
"6250","C87","RECIPROCAL CUBIC METRE PER SECOND"
"6249","C86","RECIPROCAL CUBIC METRE"
"6248","C85","RECIPROCAL ANGSTROM"
"6247","C84","RADIAN PER METRE"
"6246","C83","RADIAN SQUARE METRE PER KILOGRAM"
"6245","C82","RADIAN SQUARE METRE PER MOLE"
"6244","C81","RADIAN"
"6243","C80","RAD"
"6242","C8","MILLICOULOMB PER KILOGRAM"
"6241","C79","KILOVOLT AMPERE HOUR"
"6240","C78","POUND-FORCE"
"6239","C77","POUND GAGE"
"6238","C76","PICOWATT PER SQUARE METRE"
"6237","C75","PICOWATT"
"6236","C74","KILOBIT PER SECOND"
"6235","C73","PICOHENRY"
"6234","C72","PICOFARAD PER METRE"
"6233","C71","PICOCOULOMB"
"6232","C70","PICOAMPERE"
"6231","C7","CENTIPOISE"
"6230","C69","PHON"
"6229","C68","PETAJOULE"
"6228","C67","PASCAL SECOND PER METRE"
"6227","C66","PASCAL SECOND PER CUBIC METRE"
"6226","C65","PASCAL SECOND"
"6225","C64","PASCAL PER KELVIN"
"6224","C63","PARSEC"
"6223","C62","ONE"
"6222","C61","OHM METRE"
"6221","C60","OHM CENTIMETRE"
"6220","C6","CELL"
"6219","C59","OCTAVE"
"6218","C58","NEWTON SECOND PER METRE"
"6217","C57","NEWTON SECOND"
"6216","C56","NEWTON PER SQUARE MILLIMETRE"
"6215","C55","NEWTON PER SQUARE METRE"
"6214","C54","NEWTON METRE SQUARED KILOGRAM SQUARED"
"6213","C53","NEWTON METRE SECOND"
"6212","C52","PICOMETRE"
"6211","C51","NEPER PER SECOND"
"6210","C50","NEPER"
"6209","C5","COST"
"6208","C49","NANOWATT"
"6207","C48","NANOTESLA"
"6206","C47","NANOSECOND"
"6205","C46","NANOOHM METRE"
"6204","C45","NANOMETRE"
"6203","C44","NANOHENRY PER METRE"
"6202","C43","NANOHENRY"
"6201","C42","NANOFARAD PER METRE"
"6200","C41","NANOFARAD"
"6199","C40","NANOCOULOMB"
"6198","C4","CARLOAD"
"6197","C39","NANOAMPERE"
"6196","C38","MOLE PER LITRE"
"6195","C37","KILOBIT"
"6194","C36","MOLE PER CUBIC METRE"
"6193","C35","MOLE PER CUBIC DECIMETRE"
"6192","C34","MOLE"
"6191","C33","MILLIWEBER"
"6190","C32","MILLIWATT PER SQUARE METRE"
"6189","C31","MILLIWATT"
"6188","C30","MILLIVOLT PER METRE"
"6187","C3","MICROVOLT PER METRE"
"6186","C29","MILLITESLA"
"6185","C28","MILLISIEVERT"
"6184","C27","MILLISIEMENS"
"6183","C26","MILLISECOND"
"6182","C25","MILLIRADIAN"
"6181","C24","MILLIPASCAL SECOND"
"6180","C23","MILLIOHM METRE"
"6179","C22","MILLINEWTON PER METRE"
"6178","C21","KIBIBIT"
"6177","C20","MILLINEWTON"
"6176","C2","CARSET"
"6175","C19","MOLE PER KILOGRAM"
"6174","C18","MILLIMOLE"
"6173","C17","MILLIMETRE SQUARED PER SECOND"
"6172","C16","MILLIMETRE PER SECOND"
"6171","C15","MILLIJOULE"
"6170","C14","MILLIHENRY"
"6169","C13","MILLIGRAY"
"6168","C12","MILLIGRAM PER METRE"
"6167","C11","MILLIGAL"
"6166","C10","MILLIFARAD"
"6165","C1","COMPOSITE PRODUCT POUND (TOTAL WEIGHT)"
"6164","C0","CALL"
"6163","BZ","MILLION BTUS"
"6162","BX","BOX"
"6161","BW","BASE WEIGHT"
"5475","BUI","BUSHEL (36,36874 DM3)"
"5474","BUA","BUSHEL (35,2391 DM3)"
"5769","BTU","BRITISH THERMAL UNIT"
"6160","BT","BOLT"
"6159","BR","BAR [UNIT OF PACKAGING]"
"5765","BQL","BECQUEREL"
"6158","BP","HUNDRED BOARD FOOT"
"6157","BO","BOTTLE"
"5471","BLL","BARREL (PETROLEUM) (458,987 DM3)"
"5507","BLD","DRY BARREL (115,627 DM3)"
"6156","BL","BALE"
"6155","BK","BASKET"
"6154","BJ","BUCKET"
"5472","BIL","BILLION"
"5768","BHP","BRAKE HORSE POWER"
"6153","BH","BRUSH"
"6152","BG","BAG"
"6151","BFT","BOARD FOOT"
"6150","BE","BUNDLE"
"6149","BD","BOARD"
"6148","BB","BASE BOX"
"5470","BAR","BAR"
"6147","B99","MICROSIEMENS"
"6146","B98","MICROSECOND"
"6145","B97","MICRORADIAN"
"6144","B96","MICROPASCAL"
"6143","B95","MICROOHM METRE"
"6142","B94","MICROOHM"
"6141","B93","MICRONEWTON METRE"
"6140","B92","MICRONEWTON"
"6139","B91","MICROHENRY PER METRE"
"6138","B90","MICROHENRY"
"6137","B9","BATT"
"6136","B89","MICROFARAD PER METRE"
"6135","B88","MICROCOULOMB PER SQUARE METRE"
"6134","B87","MICROCOULOMB PER CUBIC METRE"
"6133","B86","MICROCOULOMB"
"6132","B85","MICROBAR"
"6131","B84","MICROAMPERE"
"6130","B83","METRE TO THE FOURTH POWER"
"6129","B82","INCH PER LINEAR FOOT"
"6128","B81","RECIPROCAL METRE SQUARED RECIPROCAL SECOND"
"6127","B80","GIGABIT PER SECOND"
"6126","B8","JOULE PER CUBIC METRE"
"6125","B79","MEGAVOLT PER METRE"
"6124","B78","MEGAVOLT"
"6123","B77","MEGASIEMENS PER METRE"
"6122","B76","MEGAOHM METRE"
"6121","B75","MEGAOHM"
"6120","B74","MEGANEWTON METRE"
"6119","B73","MEGANEWTON"
"6118","B72","MEGAGRAM PER CUBIC METRE"
"6117","B71","MEGAELECTRONVOLT"
"6116","B70","MEGACOULOMB PER SQUARE METRE"
"6115","B7","CYCLE"
"6114","B69","MEGACOULOMB PER CUBIC METRE"
"6113","B68","GIGABIT"
"6112","B67","MEGABECQUEREL PER KILOGRAM"
"6111","B66","MEGAAMPERE PER SQUARE METRE"
"6110","B65","MAXWELL"
"6109","B64","LUX SECOND"
"6108","B63","LUX HOUR"
"6107","B62","LUMEN SECOND"
"6106","B61","LUMEN PER WATT"
"6105","B60","LUMEN PER SQUARE METRE"
"6104","B6","BUN"
"6103","B59","LUMEN HOUR"
"6102","B58","LITRE PER MOLE"
"6101","B57","LIGHT YEAR"
"6100","B56","KILOWEBER PER METRE"
"6099","B55","KILOVOLT PER METRE"
"6098","B54","KILOSIEMENS PER METRE"
"6097","B53","KILOSIEMENS"
"6096","B52","KILOSECOND"
"6095","B51","KILOPOND"
"6094","B50","KILOOHM METRE"
"6093","B5","BILLET"
"6092","B49","KILOOHM"
"6091","B48","KILONEWTON METRE"
"6090","B47","KILONEWTON"
"6089","B46","KILOMOLE PER CUBIC METRE"
"6088","B45","KILOMOLE"
"6087","B44","KILOJOULE PER MOLE"
"6086","B43","KILOJOULE PER KILOGRAM KELVIN"
"6085","B42","KILOJOULE PER KILOGRAM"
"6084","B41","KILOJOULE PER KELVIN"
"6083","B40","KILOGRAM-FORCE PER SQUARE METRE"
"6082","B4","BARREL, IMPERIAL"
"6081","B39","KILOGRAM-FORCE METRE PER SECOND"
"6080","B38","KILOGRAM-FORCE METRE"
"6079","B37","KILOGRAM-FORCE"
"6078","B36","CALORIE (THERMOCHEMICAL) PER GRAM"
"6077","B35","KILOGRAM PER LITRE"
"6076","B34","KILOGRAM PER CUBIC DECIMETRE"
"6075","B33","KILOGRAM METRE SQUARED PER SECOND"
"6074","B32","KILOGRAM METRE SQUARED"
"6073","B31","KILOGRAM METRE PER SECOND"
"6072","B30","GIBIBIT"
"6071","B3","BATTING POUND"
"6070","B29","KILOELECTRONVOLT"
"6069","B28","KILOCOULOMB PER SQUARE METRE"
"6068","B27","KILOCOULOMB PER CUBIC METRE"
"6067","B26","KILOCOULOMB"
"6066","B25","KILOBECQUEREL PER KILOGRAM"
"6065","B24","KILOAMPERE PER METRE"
"6064","B23","KILOAMPERE PER SQUARE METRE"
"6063","B22","KILOAMPERE"
"6062","B21","KELVIN PER WATT"
"6061","B20","JOULE SQUARE METRE PER KILOGRAM"
"6060","B2","BUNK"
"6059","B19","DIGIT"
"6058","B18","JOULE SECOND"
"6057","B17","CREDIT"
"6056","B16","JOULE PER MOLE KELVIN"
"6055","B15","JOULE PER MOLE"
"6054","B14","JOULE PER METRE TO THE FOURTH POWER"
"6053","B13","JOULE PER SQUARE METRE"
"6052","B12","JOULE PER METRE"
"6051","B11","JOULE PER KILOGRAM KELVIN"
"6050","B10","BIT PER SECOND"
"6049","B1","BARREL (US) PER DAY"
"6048","B0","BTU PER CUBIC FOOT"
"6047","AZ","BRITISH THERMAL UNIT/INTERNATIONAL TABLE PER POUND"
"6046","AY","ASSEMBLY"
"6045","AW","POWDER FILLED VIAL"
"6044","AV","CAPSULE"
"5630","ATT","TECHNICAL ATMOSPHERE (98066,5 PA)"
"5627","ATM","STANDARD ATMOSPHERE (101325 PA)"
"6043","ASU","ALCOHOLIC STRENGTH BY VOLUME"
"6042","ASM","ALCOHOLIC STRENGTH BY MASS"
"6041","AS","ASSORTMENT"
"5469","ARE","ARE (100M2)"
"6040","AR","SUPPOSITORY"
"6039","AQ","ANTI-HEMOPHILIC FACTOR (AHF) UNIT"
"5597","APZ","OUNCE GB,US (31,10348 G)"
"6038","AP","ALUMINIUM POUND ONLY"
"5646","ANN","YEAR"
"5467","AMP","AMPERE"
"5468","AMH","AMPEREHOUR  (3,6 KC)"
"6037","AM","AMPOULE"
"6036","AL","ACCESS LINE"
"6035","AK","FATHOM"
"6034","AJ","COP"
"6033","AI","AVERAGE MINUTE PER CALL"
"6032","AH","ADDITIONAL MINUTE"
"6031","AE","AMPERE PER METRE"
"6030","AD","BYTE"
"6029","ACT","ACTIVITY"
"5647","ACR","ACRE (4840 YD2)"
"6028","AB","BULK PACK"
"6027","AA","BALL"
"6026","A99","BIT"
"6025","A98","HENRY PER METRE"
"6024","A97","HECTOPASCAL"
"6023","A96","GRAY PER SECOND"
"6022","A95","GRAY"
"6021","A94","GRAM PER MOLE"
"6020","A93","GRAM PER CUBIC METRE"
"6019","A91","GON"
"6018","A90","GIGAWATT"
"6017","A9","RATE"
"6016","A89","GIGAPASCAL"
"6015","A88","GIGAOHM METRE"
"6014","A87","GIGAOHM"
"6013","A86","GIGAHERTZ"
"6012","A85","GIGAELECTRONVOLT"
"6011","A84","GIGACOULOMB PER CUBIC METRE"
"6010","A83","GAUSSIAN CGS UNIT OF MAGNETIZATION"
"6009","A82","GAUSSIAN CGS UNIT OF ELECTRIC POTENTIAL"
"6008","A81","GAUSSIAN CGS UNIT OF ELECTRIC POLARIZATION"
"6007","A80","GAUSSIAN CGS UNIT OF ELECTRIC FIELD STRENGTH"
"6006","A8","AMPERE SECOND"
"6005","A79","GAUSSIAN CGS UNIT OF ELECTRIC CHARGE"
"6004","A78","GAUSSIAN CGS UNIT OF ELECTRIC CURRENT"
"6003","A77","GAUSSIAN CGS UNIT OF DISPLACEMENT"
"6002","A76","GAL"
"6001","A75","FREIGHT TON"
"6000","A74","FOOT POUND-FORCE PER SECOND"
"5999","A73","FOOT PER SECOND SQUARED"
"5998","A71","FEMTOMETRE"
"5997","A70","FEMTOJOULE"
"5996","A7","AMPERE PER SQUARE MILLIMETRE"
"5995","A69","FARAD PER METRE"
"5994","A68","EXAJOULE"
"5993","A67","ERG SQUARE CENTIMETRE PER GRAM"
"5992","A66","ERG SQUARE CENTIMETRE"
"5991","A65","ERG PER SQUARE CENTIMETRE SECOND"
"5990","A64","ERG PER SECOND SQUARE CENTIMETRE"
"5989","A63","ERG PER SECOND"
"5988","A62","ERG PER GRAM SECOND"
"5987","A61","ERG PER GRAM"
"5986","A60","ERG PER CUBIC CENTIMETRE"
"5985","A6","AMPERE PER SQUARE METRE KELVIN SQUARED"
"5984","A59","8-PART CLOUD COVER"
"5983","A58","ERG PER CENTIMETRE"
"5982","A57","ERG"
"5981","A56","ELECTRONVOLT SQUARE METRE PER KILOGRAM"
"5980","A55","ELECTRONVOLT SQUARE METRE"
"5979","A54","ELECTRONVOLT PER METRE"
"5978","A53","ELECTRONVOLT"
"5977","A52","DYNE SECOND PER CENTIMETRE TO THE FIFTH POWER"
"5976","A51","DYNE SECOND PER CENTIMETRE"
"5975","A50","DYNE SECOND PER CUBIC CENTIMETRE"
"5974","A5","AMPERE SQUARE METRE"
"5973","A49","DENIER"
"5972","A48","DEGREE RANKINE"
"5971","A47","DECITEX"
"5970","A45","DECAMETRE"
"5969","A44","DECALITRE"
"5968","A43","DEADWEIGHT TONNAGE"
"5967","A42","CURIE PER KILOGRAM"
"5966","A41","AMPERE PER SQUARE METRE"
"5965","A40","CUBIC METRE PER MOLE"
"5964","A4","AMPERE PER SQUARE CENTIMETRE"
"5963","A39","CUBIC METRE PER KILOGRAM"
"5962","A38","CUBIC METRE PER COULOMB"
"5961","A37","CUBIC DECIMETRE PER MOLE"
"5960","A36","CUBIC CENTIMETRE PER MOLE"
"5959","A35","COULOMB PER SQUARE MILLIMETRE"
"5958","A34","COULOMB PER SQUARE METRE"
"5957","A33","COULOMB PER SQUARE CENTIMETRE"
"5956","A32","COULOMB PER MOLE"
"5955","A31","COULOMB PER KILOGRAM SECOND"
"5954","A30","COULOMB PER CUBIC MILLIMETRE"
"5953","A3","AMPERE PER MILLIMETRE"
"5952","A29","COULOMB PER CUBIC METRE"
"5951","A28","COULOMB PER CUBIC CENTIMETRE"
"5950","A27","COULOMB METRE SQUARED PER VOLT"
"5949","A26","COULOMB METRE"
"5948","A25","CHEVAL VAPEUR"
"5947","A24","CANDELA PER SQUARE METRE"
"5946","A23","BRITISHTHERMALUNIT/HOUR SQUARE FOOT DEGREE RANKINE"
"5945","A22","BRITISH THERMAL UNIT/SECOND FOOT DEGREE RANKINE"
"5944","A21","BRITISH THERMAL UNIT (IT) PER POUND DEGREE RANKINE"
"5943","A20","BRITISH THERMAL UNIT/SECOND SQUAREFOOT D/RANKINE"
"5942","A2","AMPERE PER CENTIMETRE"
"5941","A19","BECQUEREL PER CUBIC METRE"
"5940","A18","BECQUEREL PER KILOGRAM"
"5939","A17","BARN PER STERADIAN"
"5938","A16","BARN PER STERADIAN ELECTRONVOLT"
"5937","A15","BARN PER ELECTRONVOLT"
"5936","A14","BARN"
"5935","A13","ATTOJOULE"
"5934","A12","ASTRONOMICAL UNIT"
"5933","A11","ANGSTROM"
"5932","A10","AMPERE SQUARE METRE PER JOULE SECOND"
"5931","A1","15 u005cu00b0C CALORIE"
"5930","98","FIFTEEN KG DRUM"
"5929","97","TEN KG DRUM"
"5928","96","TEN THOUSAND GALLON (US) TANKCAR"
"5927","95","TWENTY THOUSAND GALLON (US) TANKCAR"
"5926","94","CURL UNIT"
"5925","93","CALORIE PER GRAM"
"5924","92","CALORIE PER CUBIC CENTIMETRE"
"5923","91","STOKES"
"5922","90","SAYBOLD UNIVERSAL SECOND"
"5921","89","POISE"
"5920","87","POUND PER CUBIC FOOT"
"5919","85","FOOT POUND-FORCE"
"5918","84","KILOPOUND-FORCE PER SQUARE INCH"
"5917","81","HENRY"
"5916","80","POUND PER SQUARE INCH ABSOLUTE"
"5915","78","KILOGAUSS"
"5914","77","MILLI-INCH"
"5913","76","GAUSS"
"5912","74","MILLIPASCAL"
"5911","73","AMPERE TUM PER CENTIMETRE"
"5910","72","WATT PER POUND"
"5909","71","VOLT AMPERE PER POUND"
"5908","69","TEST SPECIFIC SCALE"
"5907","66","OERSTED"
"5906","64","POUND PER SQUARE INCH, GAUGE"
"5905","63","FAILURE RATE IN TIME"
"5904","62","PERCENT PER 1000 HOUR"
"5903","61","PART PER BILLION (US)"
"5902","60","PERCENT WEIGHT"
"5901","5Q","SEISMIC LINE"
"5900","5P","SEISMIC LEVEL"
"5899","5K","COUNT PER MINUTE"
"5898","5J","HYDRAULIC HORSE POWER"
"5897","5I","STANDARD CUBIC FOOT"
"5896","5H","STAGE"
"5895","5G","PUMP"
"5894","5F","POUND PER THOUSAND"
"5893","5E","MMSCF/DAY"
"5892","5C","GALLON(US) PER THOUSAND"
"5891","5B","BATCH"
"5890","5A","BARREL (US) PER MINUTE"
"5889","59","PART PER MILLION"
"5888","58","NET KILOGRAM"
"5887","57","MESH"
"5886","56","SITAS"
"5885","54","THEORETICAL TONNE"
"5884","53","THEORETICAL KILOGRAM"
"5883","4X","KILOLITRE PER HOUR"
"5882","4W","TON (US) PER HOUR"
"5881","4U","POUND PER HOUR"
"5880","4T","PICOFARAD"
"5879","4R","OUNCE FOOT"
"5878","4Q","OUNCE INCH"
"5877","4P","NEWTON PER METRE"
"5876","4O","MICROFARAD"
"5875","4N","MEGABECQUEREL"
"5874","4M","MILLIGRAM PER HOUR"
"5873","4L","MEGABYTE"
"5872","4K","MILLIAMPERE"
"5871","4H","MICROMETRE (MICRON)"
"5870","4G","MICROLITRE"
"5869","4E","TWENTY PACK"
"5868","4C","CENTISTOKES"
"5867","4B","CAP"
"5866","4A","BOBBIN"
"5865","48","BULK CAR LOAD"
"5864","47","FIFTY LB BAG"
"5863","46","FIFTY LB BULK BAG"
"5862","45","THREEHUNDRED KG BULK BAG"
"5861","44","FIVEHUNDRED KG BULK BAG"
"5860","43","SUPER BULK BAG"
"5859","41","MILLILITRE PER MINUTE"
"5858","40","MILLILITRE PER SECOND"
"5857","3I","KILOGRAM PER PIECE OF PRODUCT"
"5856","3H","KILOGRAM PER KILOGRAM OF PRODUCT"
"5855","3G","POUND PER PIECE OF PRODUCT"
"5854","3E","POUND PER POUND OF PRODUCT"
"5853","3C","MANMONTH"
"5852","3B","MEGAJOULE"
"5851","38","OUNCE PER SQUARE FOOT PER 0,01INCH"
"5850","37","OUNCE PER SQUARE FOOT"
"5849","36","CUBIC FOOT PER MINUTE PER SQUARE FOOT"
"5848","35","MILLILITRE PER SQUARE CENTIMETRE SECOND"
"5847","34","KILOPASCAL PER MILLIMETRE"
"5846","33","KILOPASCAL SQUARE METRE PER GRAM"
"5845","32","KILOGRAM PER AIR DRY METRIC TON"
"5844","31","CATCH WEIGHT"
"5843","30","HORSE POWER DAY PER AIR DRY METRIC TON"
"5842","2Z","MILLIVOLT"
"5841","2Y","MILLIROENTGEN"
"5840","2X","METRE PER MINUTE"
"5839","2W","BIN"
"5838","2V","MEGAGRAM PER HOUR"
"5837","2U","MEGAGRAM"
"5836","2R","KILOCURIE"
"5835","2Q","KILOBECQUEREL"
"5834","2P","KILOBYTE"
"5833","2N","DECIBEL"
"5832","2M","CENTIMETRE PER SECOND"
"5831","2L","CUBIC FOOT PER MINUTE"
"5830","2K","CUBIC FOOT PER HOUR"
"5829","2J","CUBIC CENTIMETRE PER SECOND"
"5828","2I","BRITISH THERMAL UNIT(INTERNATIONAL TABLE) PER HOUR"
"5827","2H","VOLT DC"
"5826","2G","VOLT AC"
"5825","2C","ROENTGEN"
"5824","2B","RADIAN PER SECOND SQUARED"
"5823","2A","RADIAN PER SECOND"
"5822","29","POUND PER THOUSAND SQUARE FOOT"
"5821","28","KILOGRAM PER SQUARE METRE"
"5820","27","THEORETICAL TON"
"5819","26","ACTUAL TON"
"5818","25","GRAM PER SQUARE CENTIMETRE"
"5817","24","THEORETICAL POUND"
"5816","23","GRAM PER CUBIC CENTIMETRE"
"5815","22","DECILITRE PER GRAM"
"5814","21","FORTY FOOT CONTAINER"
"5813","20","TWENTY FOOT CONTAINER"
"5812","1X","QUARTER MILE"
"5811","1M","TOTAL CAR MILE"
"5810","1L","TOTAL CAR COUNT"
"5809","1K","LOCOMOTIVE MILE"
"5808","1J","TON MILE"
"5807","1I","FIXED RATE"
"5806","1H","CABOOSE MILE"
"5805","1G","FUEL USAGE GALLON (US)"
"5804","1F","TRAIN MILE"
"5803","1E","EMPTY CAR"
"5802","1D","CABOOSE COUNT"
"5801","1C","LOCOMOTIVE COUNT"
"5800","1B","CAR COUNT"
"5799","1A","CAR MILE"
"5798","19","TANK TRUCK"
"5797","18","FIFTYFIVE GALLON (US) DRUM"
"5796","17","HUNDRED LB DRUM"
"5795","16","HUNDRED FIFTEEN KG DRUM"
"5794","15","STICK, MILITARY"
"5793","14","SHOT"
"5792","13","RATION"
"5791","11","OUTFIT"
"5790","10","GROUP"
"5789","08","HEAT LOT"
"5788","06","SMALL SPRAY"
"5787","05","LIFT"
